,,,,,,,,,,,
排名,城市,AQI,空气质量,首要污染物,PM 2.5,PM 10,CO,NO2,O3,O3_8h,SO2
1,林芝地区,18,优,,4,16,0.35,6,51,35,3
2,伊春,27,优,,17,26,0.5,9,54,53,4
3,呼伦贝尔,29,优,,18,28,0.35,8,60,56,2
4,昌都地区,29,优,,6,12,0.7,11,86,57,8
5,日喀则地区,29,优,,6,27,0.35,2,68,56,5
6,三沙,30,优,,7,20,0.3,30,51,58,6
7,鸡西,30,优,,14,29,0.333,18,48,50,9
8,阿里地区,32,优,,4,8,0.4,14,62,62,16
9,鹤岗,33,优,,17,20,0.475,3,65,65,7
10,大庆,33,优,,19,32,0.44,32,33,42,12
11,锡林郭勒盟,33,优,,13,32,0.4,15,47,62,37
12,阿勒泰地区,35,优,,24,26,0.8,25,31,50,9
13,甘孜州,36,优,,21,31,0.7,24,66,71,11
14,赤峰,36,优,,10,35,0.35,25,42,48,13
15,海南州,36,优,,12,26,0.4,26,37,70,12
16,日喀则,36,优,,3,11,0.7,9,66,70,7
17,阜新,36,优,,21,35,0.46,18,52,62,15
18,海北州,37,优,,21,30,0.8,16,58,73,14
19,松原,37,优,,24,36,0.3,9,45,50,7
20,那曲地区,39,优,,19,19,0.6,7,61,77,5
21,丽江,40,优,,10,26,0.5,8,77,79,4
22,玉树州,40,优,,8,21,0.5,9,76,78,6
23,拉萨,40,优,,10,23,0.6,21,68,79,5
24,山南地区,40,优,,5,21,0.45,6,65,79,4
25,果洛州,41,优,,11,17,0.4,8,64,80,22
26,威海,42,优,,22,41,0.533,40,47,56,5
27,普洱,42,优,,12,41,0.55,26,48,78,5
28,保山,42,优,,21,39,0.45,18,65,83,4
29,昆明,43,优,,20,42,0.713,21,64,79,10
30,乌兰察布,43,优,,20,42,0.3,17,46,58,23
31,阿坝州,43,优,,25,42,0.833,21,52,75,7
32,玉溪,43,优,,16,36,0.4,19,69,85,7
33,文登,43,优,,23,37,0.85,27,71,84,7
34,红河州,43,优,,21,30,0.633,9,61,84,13
35,迪庆州,44,优,,20,24,0.45,5,78,87,8
36,白城,44,优,,18,43,0.3,20,63,73,12
37,楚雄州,45,优,,21,36,0.65,13,81,89,17
38,金昌,46,优,,16,36,0.533,6,84,90,6
39,山南,46,优,,10,21,0.55,10,81,91,3
40,临沧,46,优,,32,40,1.1,17,69,87,13
41,文山州,47,优,,31,46,0.85,17,47,60,4
42,曲靖,47,优,,7,46,0.5,15,67,74,8
43,塔城地区,48,优,,10,47,0.4,9,70,75,4
44,齐齐哈尔,48,优,,29,47,0.56,21,39,44,52
45,黑河,48,优,,18,47,0.6,10,54,49,11
46,大理州,49,优,,10,48,0.5,10,89,89,4
47,荣成,49,优,,33,48,0.75,38,51,75,7
48,双鸭山,50,优,颗粒物(PM2.5),35,44,0.55,19,43,55,7
49,甘孜藏族自治州,51,良,颗粒物(PM10),19,50,0.4,9,47,41,5
50,武威,52,良,颗粒物(PM10),26,52,0.9,25,75,86,8
51,七台河,53,良,颗粒物(PM10),32,54,0.6,32,38,49,14
52,兴安盟,53,良,颗粒物(PM2.5),36,54,0.533,32,32,51,8
,,,,颗粒物(PM10),,,,,,,
53,攀枝花,53,良,颗粒物(PM10),21,54,1.32,49,41,62,23
54,黔西南州,53,良,颗粒物(PM10),35,53,1,13,30,35,1
55,哈密地区,54,良,颗粒物(PM10),24,55,1,29,34,45,5
56,大同,54,良,颗粒物(PM10),13,55,0.583,13,57,60,12
57,昭通,54,良,颗粒物(PM10),19,56,0.6,24,81,91,29
58,海门,54,良,颗粒物(PM10),29,56,0.9,33,59,80,8
59,临夏州,54,良,颗粒物(PM2.5),37,55,0.65,23,64,79,23
,,,,颗粒物(PM10),,,,,,,
60,蓬莱,55,良,颗粒物(PM10),35,58,1.15,57,33,69,7
61,牡丹江,55,良,颗粒物(PM2.5),38,56,0.825,33,25,52,3
62,海西州,56,良,颗粒物(PM10),22,59,1.1,50,47,76,8
63,呼和浩特,56,良,颗粒物(PM10),11,60,0.586,28,45,52,15
64,林芝,57,良,颗粒物(PM10),16,61,1.25,4,78,79,4
65,白银,57,良,颗粒物(PM10),29,62,0.55,23,80,81,9
66,大连,57,良,颗粒物(PM10),39,62,0.83,53,20,52,16
67,定西,57,良,颗粒物(PM10),34,61,0.6,39,73,61,19
68,白山,57,良,颗粒物(PM10),31,62,1.45,32,23,53,25
69,义乌,58,良,二氧化氮,30,39,1.2,114,25,88,_
70,昌都,58,良,颗粒物(PM10),36,63,1.85,27,34,60,4
71,六盘水,58,良,颗粒物(PM2.5),40,59,0.675,16,51,44,14
72,佳木斯,59,良,颗粒物(PM2.5),41,51,1.14,38,27,44,16
73,张家口,59,良,颗粒物(PM10),22,66,0.375,9,74,77,8
74,张掖,60,良,颗粒物(PM2.5),42,57,0.55,23,81,93,17
75,南平,60,良,颗粒物(PM2.5),42,60,1.15,48,39,79,7
76,龙岩,60,良,颗粒物(PM10),36,67,0.8,55,30,75,8
77,丹东,61,良,颗粒物(PM2.5),43,59,1.1,46,28,46,52
78,凉山州,61,良,臭氧8小时,41,68,1.1,21,103,111,20
79,西双版纳州,61,良,颗粒物(PM10),26,69,1.05,45,31,79,8
80,贵阳,61,良,颗粒物(PM2.5),43,63,0.81,38,23,36,22
81,深圳,61,良,颗粒物(PM2.5),43,67,0.746,36,90,103,7
82,德宏州,62,良,颗粒物(PM10),35,72,1.1,39,43,78,10
83,长春,62,良,颗粒物(PM10),36,71,0.72,33,33,51,15
84,延边州,63,良,颗粒物(PM2.5),44,44,0.733,26,39,58,14
85,通化,63,良,颗粒物(PM10),41,74,1.25,48,12,33,40
86,和田地区,63,良,颗粒物(PM10),31,74,0.6,32,68,65,17
87,安顺,64,良,颗粒物(PM2.5),45,56,0.85,17,33,37,25
88,兰州,64,良,颗粒物(PM10),36,75,0.667,41,50,59,16
89,乳山,64,良,颗粒物(PM10),43,76,1.8,67,21,72,11
90,甘南州,65,良,颗粒物(PM10),42,77,1.4,20,127,114,21
91,通辽,65,良,颗粒物(PM10),43,78,0.933,56,11,42,19
92,莱西,65,良,颗粒物(PM2.5),46,74,1.35,36,37,64,30
93,博州,65,良,颗粒物(PM10),21,77,0.7,32,67,68,8
94,海口,65,良,臭氧8小时,38,52,0.68,10,111,116,6
95,招远,65,良,颗粒物(PM10),43,77,1.15,65,21,49,14
96,三亚,66,良,臭氧8小时,24,45,0.6,9,115,118,4
97,嘉峪关,66,良,颗粒物(PM2.5),47,68,1,37,77,80,13
98,厦门,66,良,臭氧8小时,40,66,0.675,23,99,117,6
99,本溪,68,良,颗粒物(PM10),48,84,1.133,48,19,46,23
100,平凉,68,良,颗粒物(PM10),44,84,0.65,29,67,63,11
101,青岛,68,良,颗粒物(PM10),41,84,0.833,52,50,63,9
102,黄南州,69,良,颗粒物(PM10),38,86,1.9,22,60,52,25
103,吴忠,70,良,颗粒物(PM10),25,88,0.433,26,44,54,10
104,连云港,71,良,颗粒物(PM2.5),51,56,1.425,55,54,78,26
105,中山,71,良,颗粒物(PM2.5),51,72,0.75,63,79,115,5
106,四平,71,良,颗粒物(PM2.5),51,71,0.767,18,40,56,13
107,抚州,72,良,颗粒物(PM10),51,92,1.04,41,56,82,11
108,辽源,72,良,颗粒物(PM2.5),52,68,1.25,36,32,52,18
109,胶南,72,良,颗粒物(PM2.5),52,79,0.8,46,70,101,9
110,黔东南州,72,良,颗粒物(PM2.5),52,71,1.1,38,36,46,9
111,鄂尔多斯,72,良,颗粒物(PM10),31,92,0.84,46,40,48,23
112,巴彦淖尔,73,良,颗粒物(PM10),21,94,0.6,17,44,58,16
113,福州,74,良,颗粒物(PM2.5),53,71,0.617,36,117,125,6
114,遵义,74,良,颗粒物(PM2.5),53,87,0.75,37,41,51,24
115,三明,74,良,颗粒物(PM10),48,95,1.125,54,19,63,8
116,盐城,74,良,颗粒物(PM2.5),53,88,0.72,27,72,87,7
117,阿克苏地区,74,良,颗粒物(PM10),45,96,0.4,24,55,54,10
118,毕节,75,良,颗粒物(PM2.5),54,74,0.95,18,38,42,9
119,莆田,75,良,臭氧8小时,54,71,0.94,31,108,128,10
,,,,颗粒物(PM2.5),,,,,,,
120,天津,75,良,颗粒物(PM2.5),54,98,1.478,74,13,24,23
,,,,颗粒物(PM10),,,,,,,
121,克州,76,良,颗粒物(PM2.5),55,61,1.3,2,46,41,5
122,南宁,78,良,颗粒物(PM2.5),57,86,1.05,51,76,72,10
123,黄石,78,良,颗粒物(PM10),56,104,0.817,43,90,95,8
124,信阳,79,良,颗粒物(PM10),57,106,1.85,77,51,104,9
125,珠海,79,良,臭氧8小时,45,80,0.775,31,111,133,8
126,泉州,79,良,臭氧8小时,42,65,0.567,28,113,133,10
127,汕尾,80,良,臭氧8小时,25,46,0.7,9,133,134,6
128,黄冈,80,良,颗粒物(PM2.5),58,92,0.7,44,90,116,9
129,中卫,80,良,颗粒物(PM10),21,107,0.6,17,50,63,7
130,宜春,80,良,颗粒物(PM2.5),58,96,1.386,49,54,74,26
131,固原,80,良,颗粒物(PM10),27,107,0.967,23,65,64,15
132,烟台,80,良,颗粒物(PM10),46,107,1.117,66,20,40,15
133,沈阳,80,良,颗粒物(PM2.5),58,81,1.055,69,14,40,29
134,上饶,80,良,颗粒物(PM10),55,108,1.375,68,30,80,33
135,唐山,81,良,颗粒物(PM10),56,110,2.05,64,8,20,42
136,潮州,81,良,臭氧8小时,46,67,0.867,23,118,136,14
137,惠州,81,良,臭氧8小时,52,78,0.92,51,105,136,9
138,揭阳,81,良,臭氧8小时,44,70,1,28,107,135,9
139,新余,81,良,颗粒物(PM10),56,109,1.275,72,45,87,23
140,安庆,81,良,颗粒物(PM2.5),59,95,0.8,87,38,78,7
141,酒泉,81,良,颗粒物(PM2.5),59,85,1.3,44,61,86,14
142,平度,81,良,颗粒物(PM10),54,109,1.35,54,43,69,13
143,西宁,82,良,颗粒物(PM10),54,111,1.025,41,61,63,14
144,克拉玛依,82,良,颗粒物(PM2.5),60,107,0.82,37,58,62,4
145,漳州,82,良,颗粒物(PM10),59,112,0.7,32,127,130,6
146,宁德,83,良,颗粒物(PM2.5),61,101,1.167,38,64,114,7
147,庆阳,84,良,颗粒物(PM10),42,116,0.767,22,53,54,19
148,胶州,84,良,颗粒物(PM10),60,115,1,76,48,80,5
149,百色,85,良,颗粒物(PM2.5),62,85,1.15,28,52,72,14
150,鹰潭,85,良,颗粒物(PM2.5),62,86,0.74,51,40,84,13
151,鄂州,85,良,颗粒物(PM2.5),62,101,1.8,59,77,102,45
152,榆林,86,良,颗粒物(PM2.5),63,100,2.286,91,8,18,56
153,怒江州,86,良,颗粒物(PM10),28,120,1.1,47,28,67,10
154,大兴安岭地区,86,良,颗粒物(PM10),44,120,0.7,27,37,46,47
155,吉安,86,良,颗粒物(PM10),53,120,0.967,84,26,68,10
156,舟山,86,良,颗粒物(PM2.5),63,97,0.933,53,65,99,5
157,瓦房店,86,良,颗粒物(PM2.5),63,113,2.25,75,26,57,45
158,九江,87,良,颗粒物(PM10),57,121,0.767,52,46,87,7
159,朝阳,87,良,颗粒物(PM2.5),64,75,1.35,44,29,55,60
160,遂宁,88,良,颗粒物(PM2.5),65,115,0.8,52,16,29,9
161,阿拉善盟,88,良,颗粒物(PM2.5),65,94,0.533,19,62,68,13
162,梅州,88,良,颗粒物(PM10),61,124,1.3,76,35,93,7
163,温州,89,良,颗粒物(PM2.5),66,126,0.8,51,107,125,9
,,,,颗粒物(PM10),,,,,,,
164,云浮,89,良,颗粒物(PM2.5),66,94,0.933,42,101,130,10
165,郴州,89,良,颗粒物(PM2.5),66,124,1.44,58,32,47,44
166,包头,91,良,颗粒物(PM10),27,130,0.7,21,51,52,7
167,萍乡,91,良,颗粒物(PM2.5),67,117,1.88,56,48,74,22
168,内江,91,良,颗粒物(PM2.5),67,111,0.975,47,52,56,10
169,银川,91,良,颗粒物(PM2.5),67,129,1.786,68,19,38,54
,,,,颗粒物(PM10),,,,,,,
170,汕头,91,良,臭氧8小时,29,46,0.617,21,139,147,8
171,北京,92,良,颗粒物(PM2.5),68,98,1.233,73,7,34,9
172,黄山,92,良,颗粒物(PM2.5),68,107,1,44,41,74,6
173,肇庆,92,良,颗粒物(PM2.5),68,95,0.95,59,90,112,10
174,崇左,92,良,颗粒物(PM2.5),68,124,1.05,26,67,69,5
175,承德,93,良,颗粒物(PM2.5),69,124,1.82,64,9,27,24
176,防城港,93,良,颗粒物(PM2.5),69,92,1.433,39,90,116,28
177,池州,93,良,颗粒物(PM2.5),69,114,0.933,116,18,73,4
178,梧州,94,良,颗粒物(PM10),62,136,3.625,86,23,83,30
179,韶关,94,良,颗粒物(PM2.5),70,111,2.24,78,22,65,13
180,廊坊,94,良,颗粒物(PM2.5),70,131,1.6,78,5,35,18
181,孝感,96,良,颗粒物(PM2.5),71,119,1.75,88,36,67,18
182,江门,96,良,臭氧8小时,59,95,1.1,51,105,153,8
183,丽水,96,良,颗粒物(PM10),52,139,1,53,27,75,7
184,喀什地区,97,良,颗粒物(PM2.5),72,110,1.25,28,63,61,9
185,钦州,97,良,颗粒物(PM2.5),72,116,1.133,35,102,124,10
186,南通,97,良,颗粒物(PM2.5),72,133,0.94,66,31,79,7
187,太仓,97,良,颗粒物(PM2.5),72,118,1.15,112,11,62,14
188,日照,97,良,颗粒物(PM2.5),72,132,1.1,80,40,72,14
189,河源,97,良,颗粒物(PM2.5),72,104,1.733,78,16,91,7
190,岳阳,98,良,颗粒物(PM2.5),73,125,1.18,75,42,61,8
191,景德镇,98,良,颗粒物(PM10),63,143,0.96,50,20,74,18
192,贺州,98,良,颗粒物(PM10),69,143,2.45,96,7,61,12
193,保定,98,良,颗粒物(PM2.5),73,116,1.45,69,17,33,19
194,上海,100,良,颗粒物(PM2.5),75,88,0.93,89,50,83,9
195,张家港,100,良,颗粒物(PM2.5),75,130,1.3,115,14,74,16
196,娄底,100,良,颗粒物(PM10),59,147,1.25,79,30,50,10
197,北海,100,良,臭氧8小时,60,93,1.05,23,163,159,10
198,南昌,101,轻度污染,颗粒物(PM10),61,150,1.378,99,19,72,12
199,即墨,102,轻度污染,颗粒物(PM10),75,152,1.3,81,31,66,30
200,沧州,103,轻度污染,颗粒物(PM2.5),76,121,0.933,63,21,42,26
201,黔南州,103,轻度污染,颗粒物(PM2.5),76,111,0.8,40,6,30,11
202,衡阳,104,轻度污染,颗粒物(PM2.5),77,106,1.233,69,32,43,21
203,锦州,104,轻度污染,颗粒物(PM2.5),77,103,1.06,36,51,44,53
204,宿迁,104,轻度污染,颗粒物(PM2.5),77,129,1.32,89,27,75,21
205,周口,105,轻度污染,颗粒物(PM2.5),78,146,0.9,75,52,98,19
206,眉山,105,轻度污染,颗粒物(PM2.5),78,121,0.8,49,47,57,9
207,六安,105,轻度污染,颗粒物(PM2.5),78,121,0.7,47,59,82,7
208,乌海,105,轻度污染,颗粒物(PM10),28,158,0.967,31,40,46,22
209,赣州,106,轻度污染,颗粒物(PM2.5),79,150,2.74,119,32,75,16
210,石嘴山,106,轻度污染,颗粒物(PM10),28,160,0.65,24,52,49,38
211,长沙,106,轻度污染,颗粒物(PM2.5),79,148,1.5,101,12,66,11
212,昆山,106,轻度污染,颗粒物(PM2.5),79,131,1.45,127,5,52,11
213,阳江,107,轻度污染,臭氧8小时,59,70,0.867,16,150,166,5
214,衢州,109,轻度污染,颗粒物(PM2.5),81,113,0.933,99,12,64,7
215,张家界,109,轻度污染,颗粒物(PM2.5),81,162,1.75,53,34,42,6
216,资阳,110,轻度污染,颗粒物(PM2.5),82,119,0.94,58,39,42,5
217,自贡,110,轻度污染,颗粒物(PM2.5),82,109,0.95,28,49,45,10
218,驻马店,111,轻度污染,颗粒物(PM2.5),83,127,0.9,41,79,108,8
219,延安,113,轻度污染,颗粒物(PM2.5),84,120,3.533,78,8,7,61
220,佛山,113,轻度污染,颗粒物(PM2.5),84,136,1.129,100,83,124,12
221,金华,113,轻度污染,颗粒物(PM2.5),84,139,1.2,120,5,95,14
222,合肥,113,轻度污染,颗粒物(PM2.5),84,139,1.02,95,42,87,13
223,抚顺,114,轻度污染,颗粒物(PM2.5),85,120,1.067,58,24,52,28
224,秦皇岛,115,轻度污染,颗粒物(PM2.5),86,124,1.88,67,27,46,22
225,葫芦岛,115,轻度污染,颗粒物(PM2.5),86,140,1.15,56,38,43,45
226,武汉,115,轻度污染,颗粒物(PM2.5),86,132,1.15,111,29,78,16
227,清远,115,轻度污染,颗粒物(PM2.5),86,147,2.3,104,28,92,12
228,湘潭,116,轻度污染,颗粒物(PM2.5),87,156,1.629,109,15,63,24
229,咸宁,117,轻度污染,颗粒物(PM10),70,182,1.2,63,50,101,12
230,漯河,117,轻度污染,颗粒物(PM2.5),88,117,1,91,31,102,13
231,库尔勒,119,轻度污染,颗粒物(PM2.5),89,138,0.933,28,56,65,5
232,茂名,119,轻度污染,臭氧8小时,58,96,0.875,29,150,179,7
233,常熟,120,轻度污染,颗粒物(PM2.5),90,121,1,105,34,83,20
234,盘锦,124,轻度污染,颗粒物(PM2.5),93,94,1.533,71,17,40,21
235,铜陵,125,轻度污染,颗粒物(PM2.5),94,140,0.95,93,45,69,14
236,天水,125,轻度污染,颗粒物(PM2.5),94,144,1.633,65,29,43,31
237,吕梁,125,轻度污染,颗粒物(PM2.5),94,177,2.5,85,11,15,245
238,章丘,125,轻度污染,颗粒物(PM2.5),94,154,1.25,97,14,75,35
239,德阳,125,轻度污染,颗粒物(PM2.5),94,143,0.95,55,31,37,6
240,广州,126,轻度污染,颗粒物(PM2.5),95,132,1.291,110,89,126,9
241,随州,127,轻度污染,颗粒物(PM2.5),96,131,1.4,58,71,96,19
242,哈尔滨,127,轻度污染,颗粒物(PM2.5),96,121,1.382,79,19,41,38
243,十堰,128,轻度污染,颗粒物(PM2.5),97,148,1.275,65,37,58,18
244,湘西州,128,轻度污染,颗粒物(PM2.5),97,138,1.533,48,13,20,10
245,亳州,131,轻度污染,颗粒物(PM2.5),99,111,1.2,50,79,111,14
246,绵阳,132,轻度污染,颗粒物(PM2.5),100,167,1.1,76,11,28,9
247,东莞,132,轻度污染,颗粒物(PM2.5),100,125,1.3,108,74,138,11
248,益阳,132,轻度污染,颗粒物(PM2.5),100,169,1.76,58,49,77,14
249,扬州,133,轻度污染,颗粒物(PM2.5),101,175,1.067,103,27,71,16
250,乐山,133,轻度污染,颗粒物(PM2.5),101,125,0.78,27,73,58,8
251,南京,133,轻度污染,颗粒物(PM2.5),101,163,1.011,86,69,99,15
252,铜仁地区,133,轻度污染,颗粒物(PM2.5),101,138,1.4,42,24,19,4
253,吉林,136,轻度污染,颗粒物(PM2.5),103,172,1.543,54,40,60,27
254,陇南,136,轻度污染,颗粒物(PM2.5),103,129,1.2,69,23,45,21
255,济宁,136,轻度污染,颗粒物(PM2.5),103,156,1.433,67,81,103,31
256,河池,136,轻度污染,颗粒物(PM2.5),103,112,1.1,36,26,50,6
257,玉林,136,轻度污染,颗粒物(PM2.5),103,135,1.067,36,161,147,17
258,江阴,136,轻度污染,颗粒物(PM2.5),103,168,1.2,88,27,79,20
259,广元,136,轻度污染,颗粒物(PM2.5),103,171,2.175,90,4,5,17
260,临安,137,轻度污染,颗粒物(PM2.5),104,176,1.4,43,9,34,2
261,宣城,137,轻度污染,颗粒物(PM2.5),104,120,0.767,66,79,103,17
262,商洛,137,轻度污染,颗粒物(PM2.5),104,151,1.55,68,42,61,34
263,桂林,137,轻度污染,颗粒物(PM2.5),104,181,1.3,59,16,35,15
264,鞍山,137,轻度污染,颗粒物(PM2.5),104,155,1.443,81,16,34,42
265,邵阳,137,轻度污染,颗粒物(PM2.5),104,152,1.44,76,27,61,22
266,石家庄,137,轻度污染,颗粒物(PM2.5),104,162,1.562,69,14,23,17
267,柳州,137,轻度污染,颗粒物(PM2.5),104,136,1.367,43,35,44,17
268,荆州,138,轻度污染,颗粒物(PM2.5),105,218,1.833,100,9,36,17
269,怀化,138,轻度污染,颗粒物(PM2.5),105,151,1.2,21,45,33,8
270,伊犁哈萨克州,138,轻度污染,颗粒物(PM2.5),105,140,1.533,37,64,60,32
271,晋中,138,轻度污染,颗粒物(PM2.5),105,172,2.325,102,8,27,80
272,成都,138,轻度污染,颗粒物(PM2.5),105,164,0.963,73,31,38,10
273,焦作,139,轻度污染,颗粒物(PM2.5),106,174,1.44,55,76,75,17
274,湛江,139,轻度污染,臭氧8小时,69,76,1.017,20,175,201,5
275,淮安,141,轻度污染,颗粒物(PM2.5),107,169,1.3,68,45,74,12
276,台州,142,轻度污染,颗粒物(PM2.5),108,174,1,62,100,139,13
277,海东地区,142,轻度污染,颗粒物(PM2.5),108,109,1.2,19,78,83,18
278,辽阳,146,轻度污染,颗粒物(PM2.5),111,119,1.65,74,12,29,38
279,朔州,146,轻度污染,颗粒物(PM10),80,240,1.16,55,19,32,61
280,宿州,147,轻度污染,颗粒物(PM2.5),112,160,1,41,97,126,9
281,贵港,147,轻度污染,颗粒物(PM2.5),112,178,1.825,70,65,114,18
282,湖州,148,轻度污染,颗粒物(PM2.5),113,133,1.114,99,48,74,19
283,枣庄,148,轻度污染,颗粒物(PM2.5),113,205,1.24,88,48,84,29
284,长治,149,轻度污染,颗粒物(PM2.5),114,188,3.2,117,16,30,64
285,马鞍山,149,轻度污染,颗粒物(PM2.5),114,139,1.42,69,60,84,14
286,商丘,153,中度污染,颗粒物(PM2.5),116,160,1.025,74,68,108,14
287,衡水,153,中度污染,颗粒物(PM2.5),116,167,1.767,82,9,29,25
288,恩施州,153,中度污染,颗粒物(PM2.5),116,187,1.9,56,4,3,9
289,常州,154,中度污染,颗粒物(PM2.5),117,154,1.244,116,28,59,17
290,荆门,156,中度污染,颗粒物(PM2.5),118,180,1.54,89,24,48,14
291,绥化,156,中度污染,颗粒物(PM2.5),118,141,1.05,50,26,40,45
292,三门峡,156,中度污染,颗粒物(PM2.5),118,143,1.425,79,24,47,36
293,阜阳,156,中度污染,颗粒物(PM2.5),118,179,1.167,67,70,104,15
294,常德,157,中度污染,颗粒物(PM2.5),119,144,1.65,85,26,61,13
295,晋城,157,中度污染,颗粒物(PM2.5),119,239,4.55,102,21,24,87
296,嘉兴,158,中度污染,颗粒物(PM2.5),120,151,0.9,62,98,121,10
297,吐鲁番地区,158,中度污染,颗粒物(PM2.5),120,179,1.8,43,46,49,19
298,铁岭,158,中度污染,颗粒物(PM2.5),120,147,1.175,65,22,44,35
299,泰州,160,中度污染,颗粒物(PM2.5),121,162,1.775,76,42,82,18
300,菏泽,161,中度污染,颗粒物(PM2.5),122,197,1.3,61,75,108,24
301,济南,161,中度污染,颗粒物(PM2.5),122,199,1.4,130,16,75,43
302,重庆,161,中度污染,颗粒物(PM2.5),122,186,1.353,77,10,10,17
303,诸暨,163,中度污染,颗粒物(PM2.5),123,151,1.1,49,108,141,8
304,淮北,164,中度污染,颗粒物(PM2.5),124,167,1.367,69,73,113,17
305,杭州,164,中度污染,颗粒物(PM2.5),124,183,1.073,70,80,100,11
306,太原,165,中度污染,颗粒物(PM2.5),125,202,2.389,116,11,25,63
307,芜湖,165,中度污染,颗粒物(PM2.5),125,135,1.125,69,86,115,14
308,宁波,167,中度污染,颗粒物(PM2.5),126,177,1.138,113,50,107,12
309,无锡,167,中度污染,颗粒物(PM2.5),126,205,1.588,130,20,66,14
310,铜川,168,中度污染,颗粒物(PM2.5),127,173,2.225,95,12,41,64
311,绍兴,168,中度污染,颗粒物(PM2.5),127,225,1.042,88,62,101,12
312,运城,170,中度污染,颗粒物(PM2.5),128,179,2.88,76,12,31,103
313,潍坊,170,中度污染,颗粒物(PM2.5),128,219,2,111,9,53,39
314,南阳,170,中度污染,颗粒物(PM2.5),128,173,1.36,53,53,50,12
315,蚌埠,171,中度污染,颗粒物(PM2.5),129,170,1.367,117,43,103,24
316,淄博,171,中度污染,颗粒物(PM2.5),129,215,1.767,110,11,64,67
317,徐州,172,中度污染,颗粒物(PM2.5),130,217,1.143,103,30,91,20
318,永州,172,中度污染,颗粒物(PM2.5),130,229,2.6,97,10,60,21
319,阳泉,174,中度污染,颗粒物(PM2.5),131,189,2.183,105,9,27,58
320,淮南,175,中度污染,颗粒物(PM2.5),132,186,1.083,90,56,104,22
321,滁州,177,中度污染,颗粒物(PM2.5),133,191,2.467,169,18,71,17
322,宝鸡,178,中度污染,颗粒物(PM2.5),134,157,1.813,85,25,32,29
323,宜宾,178,中度污染,颗粒物(PM2.5),134,161,0.983,49,48,56,18
324,苏州,178,中度污染,颗粒物(PM2.5),134,171,1.412,128,18,77,12
325,聊城,179,中度污染,颗粒物(PM2.5),135,207,1.15,103,48,73,23
326,广安,179,中度污染,颗粒物(PM2.5),135,190,1.38,57,12,21,11
327,寿光,181,中度污染,颗粒物(PM2.5),136,227,2.3,102,24,60,82
328,株洲,182,中度污染,颗粒物(PM2.5),137,189,2.571,95,13,62,22
329,临沂,182,中度污染,颗粒物(PM2.5),137,234,1.475,90,30,70,65
330,泸州,184,中度污染,颗粒物(PM2.5),138,163,1.075,72,7,17,18
331,雅安,184,中度污染,颗粒物(PM2.5),138,177,1.125,48,32,40,7
332,德州,185,中度污染,颗粒物(PM2.5),139,215,1.867,101,8,57,41
333,吴江,185,中度污染,颗粒物(PM2.5),139,211,1.233,104,74,113,17
334,开封,188,中度污染,颗粒物(PM2.5),141,171,1.633,89,44,93,19
335,忻州,189,中度污染,颗粒物(PM2.5),142,205,2.333,98,11,19,109
336,莱芜,189,中度污染,颗粒物(PM2.5),142,278,2.5,124,6,58,119
337,莱州,192,中度污染,颗粒物(PM2.5),144,263,2.9,118,9,50,64
338,西安,192,中度污染,颗粒物(PM2.5),144,210,2.208,104,6,9,36
339,营口,192,中度污染,颗粒物(PM2.5),144,185,1.075,49,17,38,50
340,新乡,193,中度污染,颗粒物(PM2.5),145,221,2.5,108,16,46,28
341,溧阳,198,中度污染,颗粒物(PM2.5),148,198,1.6,81,78,124,11
342,南充,198,中度污染,颗粒物(PM2.5),148,186,1.12,46,21,20,4
343,金坛,199,中度污染,颗粒物(PM2.5),149,159,1.85,87,107,142,17
344,洛阳,199,中度污染,颗粒物(PM2.5),149,226,1.671,114,6,22,24
345,宜昌,206,重度污染,颗粒物(PM2.5),155,212,1.34,66,34,46,14
346,泰安,208,重度污染,颗粒物(PM2.5),157,225,1.933,99,36,69,64
347,镇江,213,重度污染,颗粒物(PM2.5),162,191,1.4,110,33,85,16
348,句容,218,重度污染,颗粒物(PM2.5),167,200,1.75,88,73,114,10
349,平顶山,219,重度污染,颗粒物(PM2.5),168,225,1.775,103,25,58,28
350,邯郸,220,重度污染,颗粒物(PM2.5),169,289,2.425,105,6,20,43
351,巴中,221,重度污染,颗粒物(PM2.5),170,236,1.7,52,22,16,7
352,邢台,221,重度污染,颗粒物(PM2.5),170,217,1.75,86,13,26,30
353,咸阳,221,重度污染,颗粒物(PM2.5),170,229,2.22,82,20,22,36
354,安康,222,重度污染,颗粒物(PM2.5),171,346,2.567,76,26,23,28
355,临汾,222,重度污染,颗粒物(PM2.5),171,253,3.229,74,37,25,245
356,许昌,224,重度污染,颗粒物(PM2.5),173,192,2.067,100,30,78,15
357,郑州,229,重度污染,颗粒物(PM2.5),178,238,1.567,119,5,20,16
358,滨州,232,重度污染,颗粒物(PM2.5),181,205,2.033,107,24,63,55
359,宜兴,233,重度污染,颗粒物(PM2.5),182,_,1.8,107,44,87,19
360,东营,240,重度污染,颗粒物(PM2.5),189,253,1.925,87,46,57,31
361,渭南,241,重度污染,颗粒物(PM2.5),190,304,2.8,117,5,9,45
362,襄阳,242,重度污染,颗粒物(PM2.5),191,217,1.325,71,12,25,19
363,濮阳,254,重度污染,颗粒物(PM2.5),203,256,1.875,133,12,57,24
364,鹤壁,255,重度污染,颗粒物(PM2.5),204,281,3.167,140,13,29,53
365,昌吉州,268,重度污染,颗粒物(PM2.5),217,281,1.467,26,51,48,9
366,汉中,274,重度污染,颗粒物(PM2.5),223,260,2.675,82,9,14,32
367,石河子,274,重度污染,颗粒物(PM2.5),223,267,1.75,73,21,22,32
368,安阳,287,重度污染,颗粒物(PM2.5),236,320,2.7,114,10,22,54
369,乌鲁木齐,287,重度污染,颗粒物(PM2.5),236,299,2.55,82,17,24,17
370,来宾,295,重度污染,颗粒物(PM2.5),244,295,1.9,77,37,66,26
371,达州,328,严重污染,颗粒物(PM2.5),277,401,3.28,97,57,54,11
372,五家渠,420,严重污染,颗粒物(PM10),376,519,2.5,92,7,18,10
